{
  "src": [
    "audio.ogg",
    "audio.mp3"
  ],
  "sprite": {
    "barkDucks": [
      0,
      2699.9773242630386
    ],
    "champ": [
      4000,
      28400
    ],
    "gunSound": [
      34000,
      1399.9999999999986
    ],
    "laugh": [
      37000,
      2299.97732426304
    ],
    "loserSound": [
      41000,
      3299.9999999999973
    ],
    "ohYeah": [
      46000,
      1071.020408163264
    ],
    "quacking": [
      49000,
      483400,
      true
    ],
    "sniff": [
      534000,
      4699.977324263045,
      true
    ]
  }
}