{
  "src": [
    "audio.ogg",
    "audio.mp3"
  ],
  "sprite": {
    "barkDucks": [
      0,
      2699.9773242630386
    ],
    "champ": [
      4000,
      9639.183673469388
    ],
    "gunSound": [
      15000,
      504.01360544217687
    ],
    "laugh": [
      17000,
      2299.97732426304
    ],
    "loserSound": [
      21000,
      3300.000000000001
    ],
    "ohYeah": [
      26000,
      1071.020408163264
    ],
    "quacking": [
      29000,
      6817.959183673466,
      true
    ],
    "quak": [
      37000,
      783.6734693877575
    ],
    "sniff": [
      39000,
      1985.306122448982,
      true
    ],
    "thud": [
      42000,
      548.571428571428
    ]
  }
}